scope,category,base_api,description,forms,source
header,1e,int1e_a01gp,<G i|NABLA-RINV CROSS P |j>,optimizer;cart;sph;spinor,include/cint_funcs.h:74
header,1e,int1e_cg_a11part,<i|NABLA-RINV |RC j>,optimizer;cart;sph;spinor,include/cint_funcs.h:68
header,1e,int1e_cg_irxp,<i|OVLP |RC CROSS P j>,optimizer;cart;sph;spinor,include/cint_funcs.h:56
header,1e,int1e_cg_sa10nucsp,<RC CROSS SIGMA i|NUC |SIGMA DOT P j>,optimizer;cart;sph;spinor,include/cint_funcs.h:416
header,1e,int1e_cg_sa10sa01,<SIGMA CROSS RC i|SIGMA CROSS NABLA-RINV |j>,optimizer;cart;sph;spinor,include/cint_funcs.h:404
header,1e,int1e_cg_sa10sp,<RC CROSS SIGMA i|OVLP |SIGMA DOT P j>,optimizer;cart;sph;spinor,include/cint_funcs.h:410
header,1e,int1e_drinv,<i|NABLA-RINV |j>,optimizer;cart;sph;spinor,include/cint_funcs.h:260
header,1e,int1e_ggkin,<i|G G P DOT P |j>,optimizer;cart;sph;spinor,include/cint_funcs.h:236
header,1e,int1e_ggnuc,<i|G G NUC |j>,optimizer;cart;sph;spinor,include/cint_funcs.h:242
header,1e,int1e_ggovlp,<i|G G |j>,optimizer;cart;sph;spinor,include/cint_funcs.h:230
header,1e,int1e_giao_a11part,<i|NABLA-RINV |R j>,optimizer;cart;sph;spinor,include/cint_funcs.h:62
header,1e,int1e_giao_irjxp,<i|OVLP |R CROSS P j>,optimizer;cart;sph;spinor,include/cint_funcs.h:50
header,1e,int1e_giao_sa10nucsp,<R CROSS SIGMA i|NUC |SIGMA DOT P j>,optimizer;cart;sph;spinor,include/cint_funcs.h:434
header,1e,int1e_giao_sa10sa01,<SIGMA CROSS R i|SIGMA CROSS NABLA-RINV |j>,optimizer;cart;sph;spinor,include/cint_funcs.h:422
header,1e,int1e_giao_sa10sp,<R CROSS SIGMA i|OVLP |SIGMA DOT P j>,optimizer;cart;sph;spinor,include/cint_funcs.h:428
header,1e,int1e_gnuc,<G i|NUC |j>,optimizer;cart;sph;spinor,include/cint_funcs.h:398
header,1e,int1e_govlp,<G i|OVLP |j>,optimizer;cart;sph;spinor,include/cint_funcs.h:392
header,1e,int1e_grids_ip,<NABLA i| 1/r_{grids} |j>,optimizer;cart;sph;spinor,include/cint_funcs.h:1112
header,1e,int1e_grids_ipip,<NABLA NABLA i| 1/r_{grids} |j>,optimizer;cart;sph;spinor,include/cint_funcs.h:1130
header,1e,int1e_grids_ipvip,<NABLA i| 1/r_{grids} |NABLA j>,optimizer;cart;sph;spinor,include/cint_funcs.h:1118
header,1e,int1e_grids_spvsp,<SIGMA DOT P i| 1/r_{grids} |SIGMA DOT P j>,optimizer;cart;sph;spinor,include/cint_funcs.h:1124
header,1e,int1e_grjxp,<i|G R CROSS P |j>,optimizer;cart;sph;spinor,include/cint_funcs.h:248
header,1e,int1e_ia01p,<i|NABLA-RINV |CROSS P j>,optimizer;cart;sph;spinor,include/cint_funcs.h:44
header,1e,int1e_igkin,<G i|OVLP |P DOT P j>,optimizer;cart;sph;spinor,include/cint_funcs.h:80
header,1e,int1e_ignuc,<G i|NUC |j>,optimizer;cart;sph;spinor,include/cint_funcs.h:92
header,1e,int1e_igovlp,<G i|OVLP |j>,optimizer;cart;sph;spinor,include/cint_funcs.h:86
header,1e,int1e_inuc_rcxp,<i|NUC |RC CROSS P j>,optimizer;cart;sph;spinor,include/cint_funcs.h:314
header,1e,int1e_inuc_rxp,<i|NUC |R CROSS P j>,optimizer;cart;sph;spinor,include/cint_funcs.h:320
header,1e,int1e_ipipipiprinv,<NABLA NABLA NABLA NABLA i|RINV |j>,optimizer;cart;sph;spinor,include/cint_funcs.h:1106
header,1e,int1e_ipipipnuc,<NABLA NABLA NABLA i|NUC |j>,optimizer;cart;sph;spinor,include/cint_funcs.h:1070
header,1e,int1e_ipipiprinv,<NABLA NABLA NABLA i|RINV |j>,optimizer;cart;sph;spinor,include/cint_funcs.h:1076
header,1e,int1e_ipipiprinvip,<NABLA NABLA NABLA i|RINV |NABLA j>,optimizer;cart;sph;spinor,include/cint_funcs.h:1100
header,1e,int1e_ipipkin,<NABLA NABLA i|P DOT P |j>,optimizer;cart;sph;spinor,include/cint_funcs.h:830
header,1e,int1e_ipipnuc,<NABLA NABLA i|NUC |j>,optimizer;cart;sph;spinor,include/cint_funcs.h:842
header,1e,int1e_ipipnucip,<NABLA NABLA i|NUC |NABLA j>,optimizer;cart;sph;spinor,include/cint_funcs.h:1082
header,1e,int1e_ipipovlp,<NABLA NABLA i|OVLP |j>,optimizer;cart;sph;spinor,include/cint_funcs.h:818
header,1e,int1e_ipippnucp,<P* NABLA NABLA i|NUC DOT P |j>,optimizer;cart;sph;spinor,include/cint_funcs.h:896
header,1e,int1e_ipipprinvp,<P* NABLA NABLA i|RINV DOT P |j>,optimizer;cart;sph;spinor,include/cint_funcs.h:908
header,1e,int1e_ipipr,<NABLA NABLA i|RC |j>,optimizer;cart;sph;spinor,include/cint_funcs.h:866
header,1e,int1e_ipiprinv,<NABLA NABLA i|RINV |j>,optimizer;cart;sph;spinor,include/cint_funcs.h:854
header,1e,int1e_ipiprinvip,<NABLA NABLA i|RINV |NABLA j>,optimizer;cart;sph;spinor,include/cint_funcs.h:1088
header,1e,int1e_ipiprinvipip,<NABLA NABLA i|RINV |NABLA NABLA j>,optimizer;cart;sph;spinor,include/cint_funcs.h:1094
header,1e,int1e_ipiprinvrip,<NABLA NABLA i|RINV |R NABLA j>,optimizer;cart;sph;spinor,include/cint_funcs.h:1154
header,1e,int1e_ipipspnucsp,<NABLA NABLA SIGMA DOT P i|NUC SIGMA DOT P |j>,optimizer;cart;sph;spinor,include/cint_funcs.h:920
header,1e,int1e_ipipsprinvsp,<NABLA NABLA SIGMA DOT P i|RINV SIGMA DOT P |j>,optimizer;cart;sph;spinor,include/cint_funcs.h:932
header,1e,int1e_ipkin,<NABLA i|OVLP |P DOT P j>,optimizer;cart;sph;spinor,include/cint_funcs.h:632
header,1e,int1e_ipkinip,<NABLA i|P DOT P |NABLA j>,optimizer;cart;sph;spinor,include/cint_funcs.h:836
header,1e,int1e_ipnuc,<NABLA i|NUC |j>,optimizer;cart;sph;spinor,include/cint_funcs.h:644
header,1e,int1e_ipnucip,<NABLA i|NUC |NABLA j>,optimizer;cart;sph;spinor,include/cint_funcs.h:848
header,1e,int1e_ipovlp,<NABLA i|OVLP |j>,optimizer;cart;sph;spinor,include/cint_funcs.h:620
header,1e,int1e_ipovlpip,<NABLA i|OVLP |NABLA j>,optimizer;cart;sph;spinor,include/cint_funcs.h:824
header,1e,int1e_ippnucp,<P* NABLA i|NUC DOT P |j>,optimizer;cart;sph;spinor,include/cint_funcs.h:668
header,1e,int1e_ippnucpip,<P* NABLA i|NUC DOT P |NABLA j>,optimizer;cart;sph;spinor,include/cint_funcs.h:902
header,1e,int1e_ipprinvp,<P* NABLA i|RINV DOT P |j>,optimizer;cart;sph;spinor,include/cint_funcs.h:674
header,1e,int1e_ipprinvpip,<P* NABLA i|RINV DOT P |NABLA j>,optimizer;cart;sph;spinor,include/cint_funcs.h:914
header,1e,int1e_iprinv,<NABLA i|RINV |j>,optimizer;cart;sph;spinor,include/cint_funcs.h:650
header,1e,int1e_iprinvip,<NABLA i|RINV |NABLA j>,optimizer;cart;sph;spinor,include/cint_funcs.h:860
header,1e,int1e_iprinviprip,<NABLA i|RINV |NABLA R NABLA j>,optimizer;cart;sph;spinor,include/cint_funcs.h:1142
header,1e,int1e_iprinvr,<NABLA i|RINV |R j>,optimizer;cart;sph;spinor,include/cint_funcs.h:1136
header,1e,int1e_iprip,<NABLA i|RC |NABLA j>,optimizer;cart;sph;spinor,include/cint_funcs.h:872
header,1e,int1e_ipspnucsp,<NABLA SIGMA DOT P i|NUC |SIGMA DOT P j>,optimizer;cart;sph;spinor,include/cint_funcs.h:656
header,1e,int1e_ipspnucspip,<NABLA SIGMA DOT P i|NUC SIGMA DOT P |NABLA j>,optimizer;cart;sph;spinor,include/cint_funcs.h:926
header,1e,int1e_ipsprinvsp,<NABLA SIGMA DOT P i|RINV |SIGMA DOT P j>,optimizer;cart;sph;spinor,include/cint_funcs.h:662
header,1e,int1e_ipsprinvspip,<NABLA SIGMA DOT P i|RINV SIGMA DOT P |NABLA j>,optimizer;cart;sph;spinor,include/cint_funcs.h:938
header,1e,int1e_irp,<i|RC NABLA |j>,optimizer;cart;sph;spinor,include/cint_funcs.h:212
header,1e,int1e_irpr,<i|RC NABLA RC |j>,optimizer;cart;sph;spinor,include/cint_funcs.h:224
header,1e,int1e_irrp,<i|RC RC NABLA |j>,optimizer;cart;sph;spinor,include/cint_funcs.h:218
header,1e,int1e_kin,<i|OVLP |P DOT P j>,optimizer;cart;sph;spinor,include/cint_funcs.h:38
header,1e,int1e_kinip,<i|OVLP |P DOT P NABLA j>,optimizer;cart;sph;spinor,include/cint_funcs.h:638
header,1e,int1e_nuc,<i|NUC |j>,optimizer;cart;sph;spinor,include/cint_funcs.h:32
header,1e,int1e_ovlp,<i|OVLP |j>,optimizer;cart;sph;spinor,include/cint_funcs.h:26
header,1e,int1e_ovlpip,<i|OVLP |NABLA j>,optimizer;cart;sph;spinor,include/cint_funcs.h:626
header,1e,int1e_p4,<P DOT P i|OVLP |P DOT P j>,optimizer;cart;sph;spinor,include/cint_funcs.h:188
header,1e,int1e_pnucp,<P* i|NUC DOT P |j>,optimizer;cart;sph;spinor,include/cint_funcs.h:98
header,1e,int1e_pnucxp,<P* i|NUC CROSS P |j>,optimizer;cart;sph;spinor,include/cint_funcs.h:206
header,1e,int1e_prinvp,<P* i|RINV DOT P |j>,optimizer;cart;sph;spinor,include/cint_funcs.h:194
header,1e,int1e_prinvxp,<P* i|RINV CROSS P |j>,optimizer;cart;sph;spinor,include/cint_funcs.h:200
header,1e,int1e_r,<i|RC |j>,optimizer;cart;sph;spinor,include/cint_funcs.h:116
header,1e,int1e_r2,<i|RC DOT RC |j>,optimizer;cart;sph;spinor,include/cint_funcs.h:122
header,1e,int1e_r2_origj,<i|R DOT R |j>,optimizer;cart;sph;spinor,include/cint_funcs.h:176
header,1e,int1e_r4,<i|RC DOT RC RC DOT RC |j>,optimizer;cart;sph;spinor,include/cint_funcs.h:128
header,1e,int1e_r4_origj,<i|OVLP |R DOT R R DOT R j>,optimizer;cart;sph;spinor,include/cint_funcs.h:182
header,1e,int1e_r_origj,<i|R |j>,optimizer;cart;sph;spinor,include/cint_funcs.h:164
header,1e,int1e_rinv,<i|RINV |j>,optimizer;cart;sph;spinor,include/cint_funcs.h:254
header,1e,int1e_rinvipiprip,<i|RINV |NABLA NABLA R NABLA j>,optimizer;cart;sph;spinor,include/cint_funcs.h:1148
header,1e,int1e_rr,<i|RC RC |j>,optimizer;cart;sph;spinor,include/cint_funcs.h:134
header,1e,int1e_rr_origj,<i|R R |j>,optimizer;cart;sph;spinor,include/cint_funcs.h:170
header,1e,int1e_rrr,<i|RC RC RC |j>,optimizer;cart;sph;spinor,include/cint_funcs.h:140
header,1e,int1e_rrrr,<i|RC RC RC RC |j>,optimizer;cart;sph;spinor,include/cint_funcs.h:146
header,1e,int1e_sa01sp,<i|NABLA-RINV CROSS SIGMA |SIGMA DOT P j>,optimizer;cart;sph;spinor,include/cint_funcs.h:440
header,1e,int1e_sigma,<i|OVLP |SIGMA j>,optimizer;cart;sph;spinor,include/cint_funcs.h:326
header,1e,int1e_sp,<SIGMA DOT P i|OVLP |j>,optimizer;cart;sph;spinor,include/cint_funcs.h:362
header,1e,int1e_spgnucsp,<G SIGMA DOT P i|NUC |SIGMA DOT P j>,optimizer;cart;sph;spinor,include/cint_funcs.h:452
header,1e,int1e_spgsa01,<G SIGMA DOT P i|NABLA-RINV CROSS SIGMA |j>,optimizer;cart;sph;spinor,include/cint_funcs.h:458
header,1e,int1e_spgsp,<G SIGMA DOT P i|OVLP |SIGMA DOT P j>,optimizer;cart;sph;spinor,include/cint_funcs.h:446
header,1e,int1e_spnuc,<SIGMA DOT P i|NUC |j>,optimizer;cart;sph;spinor,include/cint_funcs.h:560
header,1e,int1e_spnucsp,<SIGMA DOT P i|NUC |SIGMA DOT P j>,optimizer;cart;sph;spinor,include/cint_funcs.h:368
header,1e,int1e_sprinvsp,<SIGMA DOT P i|RINV |SIGMA DOT P j>,optimizer;cart;sph;spinor,include/cint_funcs.h:374
header,1e,int1e_sprsp,<SIGMA DOT P i|RC |SIGMA DOT P j>,optimizer;cart;sph;spinor,include/cint_funcs.h:386
header,1e,int1e_spsigmasp,<SIGMA DOT P i|OVLP |SIGMA SIGMA DOT P j>,optimizer;cart;sph;spinor,include/cint_funcs.h:332
header,1e,int1e_spsp,<SIGMA DOT P i|OVLP |SIGMA DOT P j>,optimizer;cart;sph;spinor,include/cint_funcs.h:356
header,1e,int1e_spspsp,<SIGMA DOT P i|OVLP |SIGMA DOT P SIGMA DOT P j>,optimizer;cart;sph;spinor,include/cint_funcs.h:554
header,1e,int1e_sr,<SIGMA DOT R i|OVLP |j>,optimizer;cart;sph;spinor,include/cint_funcs.h:344
header,1e,int1e_srnucsr,<SIGMA DOT R i|NUC |SIGMA DOT R j>,optimizer;cart;sph;spinor,include/cint_funcs.h:380
header,1e,int1e_srsp,<SIGMA DOT R i|OVLP |SIGMA DOT P j>,optimizer;cart;sph;spinor,include/cint_funcs.h:350
header,1e,int1e_srsr,<SIGMA DOT R i|OVLP |SIGMA DOT R j>,optimizer;cart;sph;spinor,include/cint_funcs.h:338
header,1e,int1e_z,<i|ZC |j>,optimizer;cart;sph;spinor,include/cint_funcs.h:104
header,1e,int1e_z_origj,<i|Z |j>,optimizer;cart;sph;spinor,include/cint_funcs.h:152
header,1e,int1e_zz,<i|ZC ZC |j>,optimizer;cart;sph;spinor,include/cint_funcs.h:110
header,1e,int1e_zz_origj,<i|Z Z |j>,optimizer;cart;sph;spinor,include/cint_funcs.h:158
header,2c2e,int2c2e_ip1,(NABLA i |R12 |j),optimizer;cart;sph;spinor,include/cint_funcs.h:980
header,2c2e,int2c2e_ip1ip2,(NABLA i |R12 |NABLA j),optimizer;cart;sph;spinor,include/cint_funcs.h:1046
header,2c2e,int2c2e_ip2,(i |R12 |NABLA j),optimizer;cart;sph;spinor,include/cint_funcs.h:986
header,2c2e,int2c2e_ipip1,(NABLA NABLA i |R12 |j),optimizer;cart;sph;spinor,include/cint_funcs.h:1040
header,2e,int2e,Plain ERI (ij|kl),optimizer;cart;sph;spinor,include/cint_funcs.h:20
header,2e,int2e_cg_sa10sp1,(RC CROSS SIGMA i SIGMA DOT P j|R12 |k l),optimizer;cart;sph;spinor,include/cint_funcs.h:488
header,2e,int2e_cg_sa10sp1spsp2,(RC CROSS SIGMA i SIGMA DOT P j|R12 |SIGMA DOT P k SIGMA DOT P l),optimizer;cart;sph;spinor,include/cint_funcs.h:494
header,2e,int2e_cg_ssa10ssp2,(RC CROSS SIGMA i j|GAUNT |k SIGMA DOT P l),optimizer;cart;sph;spinor,include/cint_funcs.h:752
header,2e,int2e_g1,(G i j|R12 |k l),optimizer;cart;sph;spinor,include/cint_funcs.h:512
header,2e,int2e_g1g2,(G i j|R12 |G k l),optimizer;cart;sph;spinor,include/cint_funcs.h:278
header,2e,int2e_g1spsp2,(G i j|R12 |SIGMA DOT P k SIGMA DOT P l),optimizer;cart;sph;spinor,include/cint_funcs.h:524
header,2e,int2e_gauge_r1_sps1sps2,(SIGMA DOT P i R0 j|BREIT-R1 |SIGMA DOT P k l),optimizer;cart;sph;spinor,include/cint_funcs.h:788
header,2e,int2e_gauge_r1_sps1ssp2,(SIGMA DOT P i R0 j|BREIT-R1 |k SIGMA DOT P l),optimizer;cart;sph;spinor,include/cint_funcs.h:782
header,2e,int2e_gauge_r1_ssp1sps2,(i R0 SIGMA DOT P j|BREIT-R1 |SIGMA DOT P k l),optimizer;cart;sph;spinor,include/cint_funcs.h:776
header,2e,int2e_gauge_r1_ssp1ssp2,(i R0 SIGMA DOT P j|BREIT-R1 |k SIGMA DOT P l),optimizer;cart;sph;spinor,include/cint_funcs.h:770
header,2e,int2e_gauge_r2_sps1sps2,(SIGMA DOT P i j|BREIT-R2 |SIGMA DOT P k R0 l),optimizer;cart;sph;spinor,include/cint_funcs.h:812
header,2e,int2e_gauge_r2_sps1ssp2,(SIGMA DOT P i j|BREIT-R2 |k R0 SIGMA DOT P l),optimizer;cart;sph;spinor,include/cint_funcs.h:806
header,2e,int2e_gauge_r2_ssp1sps2,(i SIGMA DOT P j|BREIT-R2 |SIGMA DOT P k R0 l),optimizer;cart;sph;spinor,include/cint_funcs.h:800
header,2e,int2e_gauge_r2_ssp1ssp2,(i SIGMA DOT P j|BREIT-R2 |k R0 SIGMA DOT P l),optimizer;cart;sph;spinor,include/cint_funcs.h:794
header,2e,int2e_gg1,(G G i j|R12 |k l),optimizer;cart;sph;spinor,include/cint_funcs.h:272
header,2e,int2e_giao_sa10sp1,(R CROSS SIGMA i SIGMA DOT P j|R12 |k l),optimizer;cart;sph;spinor,include/cint_funcs.h:500
header,2e,int2e_giao_sa10sp1spsp2,(R CROSS SIGMA i SIGMA DOT P j|R12 |SIGMA DOT P k SIGMA DOT P l),optimizer;cart;sph;spinor,include/cint_funcs.h:506
header,2e,int2e_giao_ssa10ssp2,(R CROSS SIGMA i j|GAUNT |k SIGMA DOT P l),optimizer;cart;sph;spinor,include/cint_funcs.h:758
header,2e,int2e_gssp1ssp2,(G i SIGMA DOT P j|GAUNT |k SIGMA DOT P l),optimizer;cart;sph;spinor,include/cint_funcs.h:764
header,2e,int2e_ig1,(G i j|R12 |k l),optimizer;cart;sph;spinor,include/cint_funcs.h:266
header,2e,int2e_ip1,(NABLA i j|R12 |k l),optimizer;cart;sph;spinor,include/cint_funcs.h:680
header,2e,int2e_ip1ip2,(NABLA i j|R12 |NABLA k l),optimizer;cart;sph;spinor,include/cint_funcs.h:890
header,2e,int2e_ip1spsp2,(NABLA i j|R12 |SIGMA DOT P k SIGMA DOT P l),optimizer;cart;sph;spinor,include/cint_funcs.h:698
header,2e,int2e_ip1srsr2,(NABLA i j|R12 |SIGMA DOT R k SIGMA DOT R l),optimizer;cart;sph;spinor,include/cint_funcs.h:716
header,2e,int2e_ip1v_r1,(i R j|NABLA-R12 |k l),optimizer;cart;sph;spinor,include/cint_funcs.h:296
header,2e,int2e_ip1v_rc1,(i RC j|NABLA-R12 |k l),optimizer;cart;sph;spinor,include/cint_funcs.h:290
header,2e,int2e_ip2,(i j|R12 |NABLA k l),optimizer;cart;sph;spinor,include/cint_funcs.h:686
header,2e,int2e_ipip1,(NABLA NABLA i j|R12 |k l),optimizer;cart;sph;spinor,include/cint_funcs.h:878
header,2e,int2e_ipip1ipip2,(NABLA NABLA i j|R12 |NABLA NABLA k l),optimizer;cart;sph;spinor,include/cint_funcs.h:944
header,2e,int2e_ipspsp1,(NABLA SIGMA DOT P i SIGMA DOT P j|R12 |k l),optimizer;cart;sph;spinor,include/cint_funcs.h:692
header,2e,int2e_ipspsp1spsp2,(NABLA SIGMA DOT P i SIGMA DOT P j|R12 |SIGMA DOT P k SIGMA DOT P l),optimizer;cart;sph;spinor,include/cint_funcs.h:704
header,2e,int2e_ipsrsr1,(NABLA SIGMA DOT R i SIGMA DOT R j|R12 |k l),optimizer;cart;sph;spinor,include/cint_funcs.h:710
header,2e,int2e_ipsrsr1srsr2,(NABLA SIGMA DOT R i SIGMA DOT R j|R12 |SIGMA DOT R k SIGMA DOT R l),optimizer;cart;sph;spinor,include/cint_funcs.h:722
header,2e,int2e_ipvg1_xp1,(G i j|NABLA-R12 CROSS P |k l),optimizer;cart;sph;spinor,include/cint_funcs.h:302
header,2e,int2e_ipvg2_xp1,(i j|NABLA-R12 CROSS P |G k l),optimizer;cart;sph;spinor,include/cint_funcs.h:308
header,2e,int2e_ipvip1,(NABLA i NABLA j|R12 |k l),optimizer;cart;sph;spinor,include/cint_funcs.h:884
header,2e,int2e_ipvip1ipvip2,(NABLA i NABLA j|R12 |NABLA k NABLA l),optimizer;cart;sph;spinor,include/cint_funcs.h:950
header,2e,int2e_p1vxp1,(P* i CROSS P j|R12 |k l),optimizer;cart;sph;spinor,include/cint_funcs.h:284
header,2e,int2e_pp1,(P* i DOT P j|R12 |k l),optimizer;cart;sph;spinor,include/cint_funcs.h:536
header,2e,int2e_pp1pp2,(P* i DOT P j|R12 |P* k DOT P l),optimizer;cart;sph;spinor,include/cint_funcs.h:548
header,2e,int2e_pp2,(i j|R12 |P* k DOT P l),optimizer;cart;sph;spinor,include/cint_funcs.h:542
header,2e,int2e_spgsp1,(G SIGMA DOT P i SIGMA DOT P j|R12 |k l),optimizer;cart;sph;spinor,include/cint_funcs.h:518
header,2e,int2e_spgsp1spsp2,(G SIGMA DOT P i SIGMA DOT P j|R12 |SIGMA DOT P k SIGMA DOT P l),optimizer;cart;sph;spinor,include/cint_funcs.h:530
header,2e,int2e_sps1sps2,(SIGMA DOT P i j|GAUNT |SIGMA DOT P k l),optimizer;cart;sph;spinor,include/cint_funcs.h:746
header,2e,int2e_sps1ssp2,(SIGMA DOT P i j|GAUNT |k SIGMA DOT P l),optimizer;cart;sph;spinor,include/cint_funcs.h:740
header,2e,int2e_spsp1,(SIGMA DOT P i SIGMA DOT P j|R12 |k l),optimizer;cart;sph;spinor,include/cint_funcs.h:464
header,2e,int2e_spsp1spsp2,(SIGMA DOT P i SIGMA DOT P j|R12 |SIGMA DOT P k SIGMA DOT P l),optimizer;cart;sph;spinor,include/cint_funcs.h:470
header,2e,int2e_spsp2,(i j|R12 |SIGMA DOT P k SIGMA DOT P l),optimizer;cart;sph;spinor,include/cint_funcs.h:578
header,2e,int2e_spv1,(SIGMA DOT P i j|R12 |k l),optimizer;cart;sph;spinor,include/cint_funcs.h:566
header,2e,int2e_spv1spsp2,(SIGMA DOT P i j|R12 |SIGMA DOT P k SIGMA DOT P l),optimizer;cart;sph;spinor,include/cint_funcs.h:608
header,2e,int2e_spv1spv2,(SIGMA DOT P i j|R12 |SIGMA DOT P k l),optimizer;cart;sph;spinor,include/cint_funcs.h:584
header,2e,int2e_spv1vsp2,(SIGMA DOT P i j|R12 |k SIGMA DOT P l),optimizer;cart;sph;spinor,include/cint_funcs.h:596
header,2e,int2e_srsr1,(SIGMA DOT R i SIGMA DOT R j|R12 |k l),optimizer;cart;sph;spinor,include/cint_funcs.h:476
header,2e,int2e_srsr1srsr2,(SIGMA DOT R i SIGMA DOT R j|R12 |SIGMA DOT R k SIGMA DOT R l),optimizer;cart;sph;spinor,include/cint_funcs.h:482
header,2e,int2e_ssp1sps2,(i SIGMA DOT P j|GAUNT |SIGMA DOT P k l),optimizer;cart;sph;spinor,include/cint_funcs.h:734
header,2e,int2e_ssp1ssp2,(i SIGMA DOT P j|GAUNT |k SIGMA DOT P l),optimizer;cart;sph;spinor,include/cint_funcs.h:728
header,2e,int2e_vsp1,(i SIGMA DOT P j|R12 |k l),optimizer;cart;sph;spinor,include/cint_funcs.h:572
header,2e,int2e_vsp1spsp2,(i SIGMA DOT P j|R12 |SIGMA DOT P k SIGMA DOT P l),optimizer;cart;sph;spinor,include/cint_funcs.h:614
header,2e,int2e_vsp1spv2,(i SIGMA DOT P j|R12 |SIGMA DOT P k l),optimizer;cart;sph;spinor,include/cint_funcs.h:590
header,2e,int2e_vsp1vsp2,(i SIGMA DOT P j|R12 |k SIGMA DOT P l),optimizer;cart;sph;spinor,include/cint_funcs.h:602
header,3c1e,int3c1e_ip1,3-center 1-electron integral <(NABLA i) (j) (k)>,optimizer;cart;sph;spinor,include/cint_funcs.h:1064
header,3c1e,int3c1e_iprinv,3-center 1-electron integral <(P i) (j) (k)>,optimizer;cart;sph;spinor,include/cint_funcs.h:1058
header,3c1e,int3c1e_p2,3-center 1-electron integral <(i) (j) (P DOT P k)>,optimizer;cart;sph;spinor,include/cint_funcs.h:1052
header,3c2e,int3c2e_ig1,(G i j|R12 |k),optimizer;cart;sph;spinor,include/cint_funcs.h:992
header,3c2e,int3c2e_ip1,(NABLA i j|R12 |k),optimizer;cart;sph;spinor,include/cint_funcs.h:956
header,3c2e,int3c2e_ip1ip2,(NABLA i j|R12 |NABLA k),optimizer;cart;sph;spinor,include/cint_funcs.h:1034
header,3c2e,int3c2e_ip2,(i j|R12 |NABLA k),optimizer;cart;sph;spinor,include/cint_funcs.h:962
header,3c2e,int3c2e_ipip1,(NABLA NABLA i j|R12 |k),optimizer;cart;sph;spinor,include/cint_funcs.h:1016
header,3c2e,int3c2e_ipip2,(i j|R12 |NABLA NABLA k),optimizer;cart;sph;spinor,include/cint_funcs.h:1022
header,3c2e,int3c2e_ipspsp1,(NABLA SIGMA DOT P i SIGMA DOT P j|R12 |k),optimizer;cart;sph;spinor,include/cint_funcs.h:1004
header,3c2e,int3c2e_ipvip1,(NABLA i NABLA j|R12 |k),optimizer;cart;sph;spinor,include/cint_funcs.h:1028
header,3c2e,int3c2e_pvp1,(P* i DOT P j|R12 |k),optimizer;cart;sph;spinor,include/cint_funcs.h:968
header,3c2e,int3c2e_pvxp1,(P* i CROSS P j|R12 |k),optimizer;cart;sph;spinor,include/cint_funcs.h:974
header,3c2e,int3c2e_spsp1,(SIGMA DOT P i SIGMA DOT P j|R12 |k),optimizer;cart;sph;spinor,include/cint_funcs.h:998
header,3c2e,int3c2e_spsp1ip2,(SIGMA DOT P i SIGMA DOT P j|R12 |NABLA k),optimizer;cart;sph;spinor,include/cint_funcs.h:1010
source-only,1e,int1e_r2_origi,( r dot r | ) source-only,optimizer;cart;sph;spinor,src/cint1e_a.c:16-71
source-only,1e,int1e_r4_origi,( r dot r r dot r | ) source-only,optimizer;cart;sph;spinor,src/cint1e_a.c:73-147
source-only,1e,int1e_r2_origi_ip2,<R DOT R i|OVLP|NABLA j> source-only,optimizer;cart;sph;spinor,src/cint1e_a.c:150-214
source-only,1e,int1e_r4_origi_ip2,<R DOT R R DOT R i|OVLP|NABLA j> source-only,optimizer;cart;sph;spinor,src/cint1e_a.c:217-316
source-only,1e,int1e_grids,"generic grids family, source-only",optimizer;cart;sph;spinor,src/cint1e_grids.c:368
source-only,2e,int2e_breit_r1p2,Breit family source-only,optimizer;cart;sph;spinor,src/breit.c:227
source-only,2e,int2e_breit_r2p2,Breit family source-only,optimizer;cart;sph;spinor,src/breit.c:316
source-only,2e,int2e_yp,Yukawa potential (WITH_F12),optimizer;sph,src/cint2e_f12.c:28-55
source-only,2e,int2e_stg,Slater-type geminal (WITH_F12),optimizer;sph,src/cint2e_f12.c:12-55
source-only,2e,int2e_yp_ip1,Yukawa derivative (WITH_F12),optimizer;sph,src/cint2e_f12.c:65-78
source-only,2e,int2e_stg_ip1,STG derivative (WITH_F12),optimizer;sph,src/cint2e_f12.c:80-93
source-only,2e,int2e_yp_ipip1,Yukawa Hessian-like (WITH_F12),optimizer;sph,src/cint2e_f12.c:101-114
source-only,2e,int2e_stg_ipip1,STG Hessian-like (WITH_F12),optimizer;sph,src/cint2e_f12.c:116-129
source-only,2e,int2e_yp_ipvip1,Yukawa Hessian-like (WITH_F12),optimizer;sph,src/cint2e_f12.c:137-150
source-only,2e,int2e_stg_ipvip1,STG Hessian-like (WITH_F12),optimizer;sph,src/cint2e_f12.c:152-165
source-only,2e,int2e_yp_ip1ip2,Yukawa mixed derivative (WITH_F12),optimizer;sph,src/cint2e_f12.c:173-186
source-only,2e,int2e_stg_ip1ip2,STG mixed derivative (WITH_F12),optimizer;sph,src/cint2e_f12.c:188-201
source-only,3c1e,int3c1e_r2_origk,"3c1e origk, source-only",optimizer;cart;sph;spinor,src/cint3c1e_a.c:16-72
source-only,3c1e,int3c1e_r4_origk,"3c1e origk, source-only",optimizer;cart;sph;spinor,src/cint3c1e_a.c:75-150
source-only,3c1e,int3c1e_r6_origk,"3c1e origk, source-only",optimizer;cart;sph;spinor,src/cint3c1e_a.c:153-286
source-only,3c1e,int3c1e_ip1_r2_origk,"3c1e origk derivative, source-only",optimizer;cart;sph;spinor,src/cint3c1e_a.c:358
source-only,3c1e,int3c1e_ip1_r4_origk,"3c1e origk derivative, source-only",optimizer;cart;sph;spinor,src/cint3c1e_a.c:461
source-only,3c1e,int3c1e_ip1_r6_origk,"3c1e origk derivative, source-only",optimizer;cart;sph;spinor,src/cint3c1e_a.c:674
source-only,3c2e,int3c2e_ssc,"3c2e ssc family, underdocumented",optimizer;sph;spinor,src/cint3c2e.c:729-759
source-only,4c1e,int4c1e,4-center 1-electron (WITH_4C1E); spinor body exists but not implemented,optimizer;cart;sph;spinor,src/cint4c1e.c:324-357
